accuracy,balanced_accuracy,mcc,roc_auc,f1,precision,recall
0.9485714285714286,0.9091038338143932,0.8348283669853447,0.9753942723478223,0.8661870503597122,0.8896551724137931,0.8439252336448598
