root_mean_squared_error,mean_squared_error,mean_absolute_error,r2,pearsonr,median_absolute_error
-1792711.0044360387,-3213812745426.071,-879309.2251788554,0.42954873454936593,0.6767576573951378,-489106.5
