accuracy,balanced_accuracy,mcc,roc_auc,f1,precision,recall
0.878270482741678,0.8063311021224558,0.652007840689332,0.9334387877527647,0.7254087004710446,0.7942961165048543,0.6675165731769506
