root_mean_squared_error,mean_squared_error,mean_absolute_error,r2,pearsonr,median_absolute_error
-1598374.0965589478,-2554799752550.6323,-1206408.0593690702,0.3774045658464322,0.6150032831780038,-921723.5
