Metric,Value
R2,0.5573229736024927
Mean Squared Error,2421459202196.3364
Root Mean Squared Error,1556103.8532811159
Mean Absolute Error,818699.5089797908
Explained Variance,0.5574480498486267
Max Error,34354225.47986328
Median Absolute Error,420493.29575433116
