Metric,Value
F1-Score,0.7035995500562429
AUC-ROC Score,0.9201365913055664
Accuracy,0.870531875690947
Precision,0.7823639774859287
Recall,0.6392437404190087
