Metric,Value
F1-Score,0.7593796898449224
AUC-ROC Score,0.9642829704818824
Accuracy,0.9113364055299539
Precision,0.8170075349838536
Recall,0.7093457943925233
