accuracy,balanced_accuracy,mcc,roc_auc,f1,precision,recall
0.8230414746543778,0.7844319602332857,0.5122472065775382,0.8722125418232113,0.6144578313253013,0.5353393981805459,0.7210179076343073
