Metric,Value
F1-Score,0.7105335913740669
Accuracy,0.871391720918806
Precision,0.7783161720169595
Recall,0.6536113936927772
