Metric,Value
F1-Score,0.5875
AUC-ROC Score,0.8579537473504381
Accuracy,0.8053456221198156
Precision,0.5133105802047782
Recall,0.6867579908675799
