Metric,Value
R2,0.33742818560693666
Mean Squared Error,2718841505414.7266
Root Mean Squared Error,1648890.9925809912
Mean Absolute Error,1244975.2803553427
Explained Variance,0.3375130354014271
Max Error,7415667.21484375
Median Absolute Error,945521.921875
