Metric,Value
F1-Score,0.6137651821862349
AUC-ROC Score,0.8722127577964168
Accuracy,0.824147465437788
Precision,0.5379701916252662
Recall,0.7144203581526861
