root_mean_squared_error,mean_squared_error,mean_absolute_error,r2,pearsonr,median_absolute_error
-1634838.4081922683,-2672696620900.63,-1258776.3489233782,0.3019888846073384,0.556773870220174,-1014336.5
