Metric,Value
F1-Score,0.7413876758854925
AUC-ROC Score,0.9537933624472891
Accuracy,0.9017511520737327
Precision,0.7709384460141272
Recall,0.7140186915887851
