Metric,Value
R2,0.46597024945984333
Mean Squared Error,2656487008210.888
Root Mean Squared Error,1629873.310478728
Mean Absolute Error,795152.1126189835
Explained Variance,0.46900142075510176
Max Error,48862843.03125
Median Absolute Error,366032.9921875
