Metric,Value
R2,0.12676433641419294
Mean Squared Error,3507104328607.14
Root Mean Squared Error,1872726.4425449704
Mean Absolute Error,1475838.658152092
Explained Variance,0.12687210259089565
Max Error,7874221.8586667385
Median Absolute Error,1269800.1940769837
