Metric,Value
R2,0.3500521993390916
Mean Squared Error,2667039282992.469
Root Mean Squared Error,1633107.247853756
Mean Absolute Error,1224222.8981310371
Explained Variance,0.35010936386710845
Max Error,7738625.99884328
Median Absolute Error,928867.427698385
